no,title,content,clean_content,url
1,puri kayana camping ground ,"b'#SobatWisata\xc2\xa0kangen ngecamp nggak nih? Cuss berkemah dengan pemandangan alam dan perkebunan di Puri Kayana, Kabupaten Semarang. Kamu juga bisa petik stroberi lho di sana. Info selengkapnya >>\xc2\xa0@puri_kayana\n\r\n\xe2\x9e\xa1\xef\xb8\x8f Follow yuk\xc2\xa0@pesona_kabsemarang\r\n\xc2\xa0'", sobatwisata kangen ngecamp nggak nih cuss berkemah dengan pemandangan alam dan perkebunan di puri kayana kabupaten semarang kamu juga bisa petik stroberi lho di sana info selengkapnya follow yuk ,https://visitjawatengah.jatengprov.go.id/id/regency/kabupaten-semarang/destinasi-wisata/puri-kayana-camping-ground
2,mengunjungi wisata religi nyatnyono ,"b'Desa Nyatnyono di lereng Gunung Ungaran dikenal sebagai desa wisata berbasis religi. Di sini terdapat Masjid Subulussalam peninggalan Syekh Hasan Munadi, tokoh penyiar agama Islam yang hidup pada masa awal berdirinya Kesultanan Demak Bintoro. Beliau berdakwah bersama putranya Syekh Hasan Dipuro hingga wafat. Kini, makamnya selalu ramai peziarah dari berbagai daerah.\n\r\n\xe2\x9e\xa1\xef\xb8\x8f Buruan follow\xc2\xa0@pesona_kabsemarang\xc2\xa0untuk info terbaru wisata di Kab Semarang'",desa nyatnyono di lereng gunung ungaran dikenal sebagai desa wisata berbasis religi di sini terdapat masjid subulussalam peninggalan syekh hasan munadi tokoh penyiar agama islam yang hidup pada masa awal berdirinya kesultanan demak bintoro beliau berdakwah bersama putranya syekh hasan dipuro hingga wafat kini makamnya selalu ramai peziarah dari berbagai daerah buruan follow untuk info terbaru wisata di kab semarang,https://visitjawatengah.jatengprov.go.id/id/regency/kabupaten-semarang/destinasi-wisata/mengunjungi-wisata-religi-nyatnyono
3,candi dukuh  petilasan prabu brawijaya ,"b'Candi Dukuh terletak di Desa Rowoboni, Kecamatan Banyubiru, Kabupaten Semarang. Masyarakat sekitar menyebutnya Candi Brawijaya karena diyakini tempat tersebut pernah disinggahi Sang Raja Majapahit, Prabu Brawijaya. Pada saat ditemukan, hanya tersisa bagian kaki candi. Begitu pula bagian tubuh dan atap candi kondisinya tidak lengkap. Berdasarkan konstruksi, candi Dukuh serupa dengan Candi Gedong Songo yang dibangun pada abad 9.\n\r\n\xe2\x9e\xa1\xef\xb8\x8f Jangan lupa follow\xc2\xa0@pesona_kabsemarang\xc2\xa0untuk info wisata menarik lainnya di Kab. Semarang yaaa\n\n#WisataSemarang\xc2\xa0#VisitJawaTengah\xc2\xa0#JatengGayeng\n#DiJatengAja\n#ExploreJateng\n#JatengHits\n#CagarBudaya\n#Travelgram\n#Trip\xc2\xa0#Culture\n#Heritage\xc2\xa0#PesonaIndonesia'",candi dukuh terletak di desa rowoboni kecamatan banyubiru kabupaten semarang masyarakat sekitar menyebutnya candi brawijaya karena diyakini tempat tersebut pernah disinggahi sang raja majapahit prabu brawijaya pada saat ditemukan hanya tersisa bagian kaki candi begitu pula bagian tubuh dan atap candi kondisinya tidak lengkap berdasarkan konstruksi candi dukuh serupa dengan candi gedong songo yang dibangun pada abad jangan lupa follow untuk info wisata menarik lainnya di kab semarang yaaa wisatasemarang   jatenggayeng dijatengaja explorejateng jatenghits cagarbudaya travelgram trip culture heritage pesonaindonesia,https://visitjawatengah.jatengprov.go.id/id/regency/kabupaten-semarang/destinasi-wisata/candi-dukuh-petilasan-prabu-brawijaya
4, hal spesial di desa wisata lerep ,"b'Jalan-jalan ke Semarang? Mampirlah ke Desa Wisata Lerep di Ungaran Barat, Kabupaten Semarang. Apa saja yang spesial di sini? Kesatu, serunya edu-eco tour membuat permen susu atau membuat keripik. Kedua, relaksasi pikiran di air terjun Indrokilo. Ketiga, berfoto di Embung Sebligo. Keempat, jelajah watu gunung bersama keluarga. Kelima, icip-icip kuliner tempo dulu di pasar kuliner setiap minggu pon.\r\n:\xc2\xa0@desawisatalerep\n\r\n---\r\n\xe2\x9e\xa1\xef\xb8\x8f Yuk, follow\xc2\xa0@pesona_kabsemarang\xc2\xa0untuk info wisata menarik lainnya di Kab Semarang\n\n#wisatasemarang\n#explorejateng\n#dolanjateng\n#visitjawatengah\n#jatenggayeng\n#dijatengaja\n#travelgram\n#travel\n#pesonaindonedia\r\n\xc2\xa0'",jalan jalan ke semarang mampirlah ke desa wisata lerep di ungaran barat kabupaten semarang apa saja yang spesial di sini kesatu serunya edu eco tour membuat permen susu atau membuat keripik kedua relaksasi pikiran di air terjun indrokilo ketiga berfoto di embung sebligo keempat jelajah watu gunung bersama keluarga kelima icip icip kuliner tempo dulu di pasar kuliner setiap minggu pon yuk follow untuk info wisata menarik lainnya di kab semarang wisatasemarang explorejateng dolanjateng   jatenggayeng dijatengaja travelgram travel pesonaindonedia ,https://visitjawatengah.jatengprov.go.id/id/regency/kabupaten-semarang/destinasi-wisata/5-hal-spesial-di-desa-wisata-lerep
5,all in one in sunrise hill gedong songo ,b'#SobatWisata\xc2\xa0lagi cari referensi resto? Penginapan? Spot selfie? Buat apa cari banyak tempat kalau bisa datang ke 1 tempat aja dan udah dapat semuanya. Emang ada?\xc2\xa0@sunrisehill.gedong.songo\xc2\xa0jawabannya!\n\r\n\xe2\x9e\xa1\xef\xb8\x8f Follow\xc2\xa0@pesona_kabsemarang\xc2\xa0untuk info wisata menarik lainnya.\n\n#WisataSemarang\n#ExploreJateng\n#VisitJawaTengah\n#JatengGayeng\n#DiJatengAja', sobatwisata lagi cari referensi resto penginapan spot selfie buat apa cari banyak tempat kalau bisa datang ke tempat aja dan udah dapat semuanya emang ada gedong songo jawabannya follow untuk info wisata menarik lainnya wisatasemarang explorejateng   jatenggayeng dijatengaja,https://visitjawatengah.jatengprov.go.id/id/regency/kabupaten-semarang/destinasi-wisata/all-in-one-in-sunrise-hill-gedong-songo
6,danuwo waterpark ,"b'WORO-WORO : AYO, KE DANUWO Segar dan bikin kenyang? Ayoo, ke @DanuwoResto. Daya tarik wisata ini berada di kecamatan Kaliwungu, ujung selatan Kabupaten Semarang. #SobatWisata bisa cobain wahana air yang segarnya nyata, seperti kolam renang dewasa, anak dan keceh. Selesai berenang, bisa langsung pesan aneka masakan berselera. Makin seru kalau datang rame-rame bareng keluarga. #wisatasemarang\r\n#visitjawatengah\r\n#jatenggayeng\r\n#dijatengaja\r\n#explorejateng'",woro woro ayo ke danuwo segar dan bikin kenyang ayoo ke daya tarik wisata ini berada di kecamatan kaliwungu ujung selatan kabupaten semarang sobatwisata bisa cobain wahana air yang segarnya nyata seperti kolam renang dewasa anak dan keceh selesai berenang bisa langsung pesan aneka masakan berselera makin seru kalau datang rame rame bareng keluarga wisatasemarang   jatenggayeng dijatengaja explorejateng,https://visitjawatengah.jatengprov.go.id/id/regency/kabupaten-semarang/destinasi-wisata/danuwo-waterpark
7,watu gajah park ,"b'WARNAI LIBURANMU DI WATU GAJAH PARK Wuih, ada kingkong raksasa di @watugajahpark. Saking besarnya, kalian bisa naik ke atas untuk lihat panorama sekitar dari ketinggian. Oh iya, kalau mau basah-basahan bisa ke kolam keceh. Kalau suka kelinci bisa mampir ke taman kelinci. Yang suka main catur, cobain deh main catur raksasa. #SobatWisata di Semarang sekitarnya, ke sini kuuyyyy. \xe2\x9e\xa1\xef\xb8\x8f Mau tau info terbaru wisata Kabupaten Semarang? Yuk, follow @pesona_kabsemarang #visitjawatengah\r\n#jatenggayeng\r\n#dijatengaja\r\n#wisatasemarang'",warnai liburanmu di watu gajah park wuih ada kingkong raksasa di saking besarnya kalian bisa naik ke atas untuk lihat panorama sekitar dari ketinggian oh iya kalau mau basah basahan bisa ke kolam keceh kalau suka kelinci bisa mampir ke taman kelinci yang suka main catur cobain deh main catur raksasa sobatwisata di semarang sekitarnya ke sini kuuyyyy mau tau info terbaru wisata kabupaten semarang yuk follow   jatenggayeng dijatengaja wisatasemarang,https://visitjawatengah.jatengprov.go.id/id/regency/kabupaten-semarang/destinasi-wisata/watu-gajah-park
8,khatulistiwa garden ,"b'PETIK STROBERI ON THE SPOT Cobain deh, petik stroberi langsung dari kebun @khatulistiwa.garden bersama orang tersayang. Ga cuma foto\xc2\xb2, #SobatWisata bisa sekaligus wisata edukasi sambil menikmati udara segar di Bandungan. Stroberi merah segar, panorama hijau indah. Asli, bakal bikin kamu betah. Agendakan ya! \r\n--- \r\n---\r\n\xc2\xa0'",petik stroberi on the spot cobain deh petik stroberi langsung dari kebun garden bersama orang tersayang ga cuma foto sobatwisata bisa sekaligus wisata edukasi sambil menikmati udara segar di bandungan stroberi merah segar panorama hijau indah asli bakal bikin kamu betah agendakan ya ,https://visitjawatengah.jatengprov.go.id/id/regency/kabupaten-semarang/destinasi-wisata/khatulistiwa-garden
9,gua maria rosa mystica ,"b'KEHENINGAN DI GUA MARIA ROSA MYSTICA Mari berziarah sembari menenangkan diri di Kecamatan Tuntang, Kabupaten Semarang. Cukup jauh dari keramaian, Gua Maria Rosa Mystica memberi kedamaian tersendiri saat berdoa. #explorejateng\r\n#wisatareligi\r\n#visitjawatengah\r\n#jatenggayeng\r\n#dijatengaja'",keheningan di gua maria rosa mystica mari berziarah sembari menenangkan diri di kecamatan tuntang kabupaten semarang cukup jauh dari keramaian gua maria rosa mystica memberi kedamaian tersendiri saat berdoa explorejateng wisatareligi   jatenggayeng dijatengaja,https://visitjawatengah.jatengprov.go.id/id/regency/kabupaten-semarang/destinasi-wisata/gua-maria-rosa-mystica
10,dusun semilir ,"b'AKHIR PEKAN SERU DI DUSUN SEMILIR Cari wisata keluarga yang komplit ? Pusat oleh-oleh, villa, wahana bermain anak, wahana perosotan pelangi yang memacu adrenalin, kulineran, sampai spot instagrammable ala eropa, korea, dll. Dusun Semilir jawabnya. Lokasinya strategis, mudah dijangkau. Hanya beberapa ratus meter saja dari exit tol Bawen. Mau rombongan bareng keluarga besar juga bisa banget. #visitjawatengah\r\n#jatenggayeng\r\n#dijatengaja'",akhir pekan seru di dusun semilir cari wisata keluarga yang komplit pusat oleh oleh villa wahana bermain anak wahana perosotan pelangi yang memacu adrenalin kulineran sampai spot instagrammable ala eropa korea dll dusun semilir jawabnya lokasinya strategis mudah dijangkau hanya beberapa ratus meter saja dari exit tol bawen mau rombongan bareng keluarga besar juga bisa banget   jatenggayeng dijatengaja,https://visitjawatengah.jatengprov.go.id/id/regency/kabupaten-semarang/destinasi-wisata/dusun-semilir
11,skiban di kopeng tree top ,"b'SKIBAN DI KOPENG TREE TOP, SERU DAN MENANTANG Bagaimana ya rasanya seluncuran dengan menggunakan ban, lalu jatuh di bantalan bag jump? Seru? Iya! Menegangkan? Pasti! Permainan Skiban itu bisa Sobat jumpai di Kopeng Tree Top. Ada juga wahana menantang lainnya, seperti Zipcoaster, ATV, dan Caving. Setelah seru-seruan, bisa lanjut bersantai di Sky Resto atau Glamping bersama keluarga tercinta. Jalan Raya Kopeng, Batur, Getasan, Selo Ngisor, Batur, Kec. Getasan, Semarang, Jawa Tengah 50774'",skiban di kopeng tree top seru dan menantang bagaimana ya rasanya seluncuran dengan menggunakan ban lalu jatuh di bantalan bag jump seru iya menegangkan pasti permainan skiban itu bisa sobat jumpai di kopeng tree top ada juga wahana menantang lainnya seperti zipcoaster atv dan caving setelah seru seruan bisa lanjut bersantai di sky resto atau glamping bersama keluarga tercinta jalan raya kopeng batur getasan selo ngisor batur kec getasan semarang jawa tengah ,https://visitjawatengah.jatengprov.go.id/id/regency/kabupaten-semarang/destinasi-wisata/skiban-di-kopeng-tree-top
12,gedongsongo sunrise hill ,"b'GEDONGSONGO SUNRISE HILL, BANYAK SPOT INSTAGRAMMABLE DI SINI Kamu suka swafoto? Gedongsongo Sunrise Hill punya banyak spot keren yang instagrammable. Ada kampung halloween, kampung Jepang, kampung Salju, rumah terbalik, hingga labirin. Lokasinya cuma 800 meter dari Candi Gedongsongo, Kab. Semarang. Oh ya, Sobat juga bisa menjajal glamping di sini. Asyik kan.'",gedongsongo sunrise hill banyak spot instagrammable di sini kamu suka swafoto gedongsongo sunrise hill punya banyak spot keren yang instagrammable ada kampung halloween kampung jepang kampung salju rumah terbalik hingga labirin lokasinya cuma meter dari candi gedongsongo kab semarang oh ya sobat juga bisa menjajal glamping di sini asyik kan ,https://visitjawatengah.jatengprov.go.id/id/regency/kabupaten-semarang/destinasi-wisata/gedongsongo-sunrise-hill
1,gua maria kerep ambarawa ,"b'PESONA GUA MARIA KEREP AMBARAWA Gua Maria Kerep Ambarawa (GMKA), Kecamatan Ambarawa, Kabupaten Semarang menjadi magnet umat Katolik di Indonesia bahkan luar negeri. Kenapa? Terlepas dari suasanya yang tenang dan sejuk, GMKA punya pesona Patung Bunda Maria Assumpta setinggi 42 meter yang indah.'",pesona gua maria kerep ambarawa gua maria kerep ambarawa gmka kecamatan ambarawa kabupaten semarang menjadi magnet umat katolik di indonesia bahkan luar negeri kenapa terlepas dari suasanya yang tenang dan sejuk gmka punya pesona patung bunda maria assumpta setinggi meter yang indah ,https://visitjawatengah.jatengprov.go.id/id/regency/kabupaten-semarang/destinasi-wisata/gua-maria-kerep-ambarawa
2,saloka  theme park terbesar di jawa tengah ,"b'CURUG KALIURIP, IKON WISATA BARU DI PURWOREJO Cari yang segar? Taman Wisata Curug Kaliurip di Desa Kaliurip, Kecamatan Kemiri, Purworejo, bisa jadi pilihan. Curug Kaliurip menawarkan wisata air terjun dengan ketinggian 45 m dan kedalaman air sekitar 8 meter. Hanya dengan lima ribu rupiah per orang, Sobat bisa merasakan segarnya air terjun. Lapar sehabis bermain air? Tersedia juga kuliner khas Purworejo dengan harga terjangkau. Untuk saat ini, akses hanya bisa dilalui dengan kendaraan bermotor roda dua. Nanti ajak teman kamu untuk touring ke sini ya.'",curug kaliurip ikon wisata baru di purworejo cari yang segar taman wisata curug kaliurip di desa kaliurip kecamatan kemiri purworejo bisa jadi pilihan curug kaliurip menawarkan wisata air terjun dengan ketinggian m dan kedalaman air sekitar meter hanya dengan lima ribu rupiah per orang sobat bisa merasakan segarnya air terjun lapar sehabis bermain air tersedia juga kuliner khas purworejo dengan harga terjangkau untuk saat ini akses hanya bisa dilalui dengan kendaraan bermotor roda dua nanti ajak teman kamu untuk touring ke sini ya ,https://visitjawatengah.jatengprov.go.id/id/regency/kabupaten-semarang/destinasi-wisata/saloka-theme-park-terbesar-di-jawa-tengah
3,jembatan kaca gumuk reco ,"b'Masih ingat sensasi menegangkan Ayunan Langit dan Ondo Langit di Gumuk Reco Sepakung? Sekarang, ada wahana baru yang tak kalah menegangkan, yaitu jembatan kaca yang berada di ketinggian. Jembatan seluas 12 m\xc2\xb2 ini menggunakan kaca tiga lapis dengan total setebal 17,3 milimeter. Maksimal 3 orang pengunjung yang diperbolehkan untuk menaiki jembatan kaca. Pengunjung juga akan menggunakan alas kaki khusus dan tidak diperbolehkan bersandar di besi pengaman serta berfoto sambil melompat. Penasaran? Ayo, ke Gumuk Reco di Desa Sepakung, Kecamatan Banyubiru, Kabupaten Semarang.'",masih ingat sensasi menegangkan ayunan langit dan ondo langit di gumuk reco sepakung sekarang ada wahana baru yang tak kalah menegangkan yaitu jembatan kaca yang berada di ketinggian jembatan seluas m ini menggunakan kaca tiga lapis dengan total setebal milimeter maksimal orang pengunjung yang diperbolehkan untuk menaiki jembatan kaca pengunjung juga akan menggunakan alas kaki khusus dan tidak diperbolehkan bersandar di besi pengaman serta berfoto sambil melompat penasaran ayo ke gumuk reco di desa sepakung kecamatan banyubiru kabupaten semarang ,https://visitjawatengah.jatengprov.go.id/id/regency/kabupaten-semarang/destinasi-wisata/jembatan-kaca-gumuk-reco
4,taman bunga celosia ,"b'Liburan ke Eropa? Tak perlu jauh-jauh, datang saja ke Taman Bunga Celosia berada di kawasan wisata Candi Gedong Songo, tepatnya di Desa Banyukuning, Bandungan, Kabupaten Semarang. Taman ini\xc2\xa0didesain lengkap dengan kincir angin dan beragam jenis bunga asli Eropa yang didatangkan langsung dari tanah asalnya. Selain bunga, Taman Bunga Celosia juga menyuguhkan sejumlah miniatur ikon dunia. Di antaranya adalah Patung Singa Merlion serta Menara Effiel. Keindahan Taman Bunga Celosia tidak diragukan lagi telah menjadi pilihan ribuan pengunjung untuk menghabiskan liburannya.'",liburan ke eropa tak perlu jauh jauh datang saja ke taman bunga celosia berada di kawasan wisata candi gedong songo tepatnya di desa banyukuning bandungan kabupaten semarang taman ini didesain lengkap dengan kincir angin dan beragam jenis bunga asli eropa yang didatangkan langsung dari tanah asalnya selain bunga taman bunga celosia juga menyuguhkan sejumlah miniatur ikon dunia di antaranya adalah patung singa merlion serta menara effiel keindahan taman bunga celosia tidak diragukan lagi telah menjadi pilihan ribuan pengunjung untuk menghabiskan liburannya ,https://visitjawatengah.jatengprov.go.id/id/regency/kabupaten-semarang/destinasi-wisata/taman-bunga-celosia
5,desa wisata lerep ,"b'Desa Wisata Lerep memiliki atraksi wisata Edu-Ecotour antara lain bercocok tanam, beternak, pemanfaatan bahan limbah, pengolahan susu sapi, kopi dan gula aren, kerajinan bambu. Terdapat wisata alam yaitu air terjun curug Indrokilo, Sunrise Puncak Ngipik , bentang sawah yang indah serta sungai Pangus yang jernih penuh bebatuan alami. Anda juga dapat menyaksikan beragam atraksi wisata budaya, seperti\xc2\xa0 tradisi sadranan, iriban, kadeso dan gepuk bumbung. Beberapa kesenian yang juga dapat dijumpai di desa ini ialah tari caping gangsing, tari gambyong, tari soyong, tari denok Semarang, kesenian jaran kepang, reog, angklung, drumblek dan rebana. Anda yang ingin mencicipi aneka makanan dan minuman tradisional desa, silakan datang ke Pasar Jajanan Ndeso Tempo Dulu yang hadir setiap minggu pagi. Untuk informasi dan reservasi : Pokdarwis Rukun Santoso, Dusun Lerep RT 01/02, Desa Lerep Telp. 0857 9967 2307 Website :\xc2\xa0http://desawisatalerep.com Instagram : http://www.instagram.com/desawisatalerep'",desa wisata lerep memiliki atraksi wisata edu ecotour antara lain bercocok tanam beternak pemanfaatan bahan limbah pengolahan susu sapi kopi dan gula aren kerajinan bambu terdapat wisata alam yaitu air terjun curug indrokilo sunrise puncak ngipik bentang sawah yang indah serta sungai pangus yang jernih penuh bebatuan alami anda juga dapat menyaksikan beragam atraksi wisata budaya seperti tradisi sadranan iriban kadeso dan gepuk bumbung beberapa kesenian yang juga dapat dijumpai di desa ini ialah tari caping gangsing tari gambyong tari soyong tari denok semarang kesenian jaran kepang reog angklung drumblek dan rebana anda yang ingin mencicipi aneka makanan dan minuman tradisional desa silakan datang ke pasar jajanan ndeso tempo dulu yang hadir setiap minggu pagi untuk informasi dan reservasi pokdarwis rukun santoso dusun lerep rt desa lerep telp website   desawisatalerep instagram     instagram desawisatalerep,https://visitjawatengah.jatengprov.go.id/id/regency/kabupaten-semarang/destinasi-wisata/desa-wisata-lerep
6,tirto argo siwarak ,"b'Tirto Argo Siwarak di Dusun Blanten RT 4 RW 8, Desa Lerep, Kecamatan Ungaran Barat, Kab. Semarang merupakan\xc2\xa0wahana permainan air untuk anak berupa kolam renang yang bersumber dari mata air Gunung Ungaran, sehingga airnya jernih dan tidak berbau. Tirto Argo Siwarak memiliki empat zona kolam dengan kedalaman 30 cm, 60 cm, 1 m, hingga 3 meter. Kolam utama untuk remaja dan dewasa dilengkapi dengan perosotan meliuk yang cukup memacu adrenalin. Harga tiket masuk Tirto Argo Siwarak cukup terjangkau yaitu Rp.15.000/orang. Destinasi wisata ini buka dari pukul 06.30 WIB hingga 17.30. Kolam renang Tirto Argo Siwarak tidak buka setiap hari, akan tetapi\xc2\xa0hanya buka di hari Senin, Kamis, Jumat, Sabtu, dan Minggu saja, dikarenakan dilakukan pembersihan kolam setiap hari Selasa dan Rabu. Sehingga tak heran kolam renang ini selalu terjaga kebersihannya.'",tirto argo siwarak di dusun blanten rt rw desa lerep kecamatan ungaran barat kab semarang merupakan wahana permainan air untuk anak berupa kolam renang yang bersumber dari mata air gunung ungaran sehingga airnya jernih dan tidak berbau tirto argo siwarak memiliki empat zona kolam dengan kedalaman cm cm m hingga meter kolam utama untuk remaja dan dewasa dilengkapi dengan perosotan meliuk yang cukup memacu adrenalin harga tiket masuk tirto argo siwarak cukup terjangkau yaitu rp orang destinasi wisata ini buka dari pukul wib hingga kolam renang tirto argo siwarak tidak buka setiap hari akan tetapi hanya buka di hari senin kamis jumat sabtu dan minggu saja dikarenakan dilakukan pembersihan kolam setiap hari selasa dan rabu sehingga tak heran kolam renang ini selalu terjaga kebersihannya ,https://visitjawatengah.jatengprov.go.id/id/regency/kabupaten-semarang/destinasi-wisata/tirto-argo-siwarak
7,kampoeng kopi banaran ,"b'Kampoeng Kopi Banaran adalah One Stop Tourism and Education Service, yang berpusat di Jl. Raya Semarang-Bawen KM 1,5 , Bawen, Semarang. Kampoeng Kopi Banaran memiliki beberapa fasilitas, antara lain Convention Hall, Indoor dan Outdoor Event Space, Meeting Package, Agro Tourism, Restaurant, Resort Hotel, Coffee\xc2\xa0 Spa, Outbond, Kolam Renang, Tennis Court, dan Taman Bermain Anak. Pengunjung juga dapat mengikuti wisata edukasi karet, kakao, dan wisata\xc2\xa0 penanaman, pengolahan, pengemasan, hingga menjadi secangkir Kopi Banaran yang istimewa. Kunjungi website Kampoeng Kopi Banaran : http://www.kampoengkopibanaran.co.id'",kampoeng kopi banaran adalah one stop tourism and education service yang berpusat di jl raya semarang bawen km bawen semarang kampoeng kopi banaran memiliki beberapa fasilitas antara lain convention hall indoor dan outdoor event space meeting package agro tourism restaurant resort hotel coffee spa outbond kolam renang tennis court dan taman bermain anak pengunjung juga dapat mengikuti wisata edukasi karet kakao dan wisata penanaman pengolahan pengemasan hingga menjadi secangkir kopi banaran yang istimewa kunjungi website kampoeng kopi banaran     kampoengkopibanaran co id,https://visitjawatengah.jatengprov.go.id/id/regency/kabupaten-semarang/destinasi-wisata/kampoeng-kopi-banaran
8,curug lawe ,"b""Air terjun ini dinamakan Curug Lawe, karena air jatuh dari tebing yang curam bagaikan benang-benang putih yang yang dalam bahasa jawa disebut 'Lawe' (tali seratnya putih). Curug lawe berlokasi di Desa Muncar, Kecamatan Gemawang.""",air terjun ini dinamakan curug lawe karena air jatuh dari tebing yang curam bagaikan benang benang putih yang yang dalam bahasa jawa disebut lawe tali seratnya putih curug lawe berlokasi di desa muncar kecamatan gemawang ,https://visitjawatengah.jatengprov.go.id/id/regency/kabupaten-semarang/destinasi-wisata/curug-lawe
9,museum kereta api ambarawa ,"b'Museum Kereta Api Ambarawa terletak di pusat kota Ambarawa, dekat jalan utama Semarang-Jogja, sekitar 20 kilometer dari kota Ungaran. Museum KA Ambarawa merupakan satu-satunya museum yang memamerkan teknologi kereta kuno dan warisan kolonial Belanda. Museum ini menawarkan paket rekreasi yang dapat membawa pengunjung di sekitar desa dengan kereta api kuno sambil menikmati gugusan pegunungan dan rawa pening. Bangunan ini pertamakali\xc2\xa0 dibangun atas instruksi Raja Willem I untuk memudahkan sistem transportasi militer. Pada tahun 1976, Sopeardjo Rustam, Gubernur Jawa Tengah, mengubah fungsi stasiun sebagai museum.'",museum kereta api ambarawa terletak di pusat kota ambarawa dekat jalan utama semarang jogja sekitar kilometer dari kota ungaran museum ka ambarawa merupakan satu satunya museum yang memamerkan teknologi kereta kuno dan warisan kolonial belanda museum ini menawarkan paket rekreasi yang dapat membawa pengunjung di sekitar desa dengan kereta api kuno sambil menikmati gugusan pegunungan dan rawa pening bangunan ini pertamakali dibangun atas instruksi raja willem i untuk memudahkan sistem transportasi militer pada tahun sopeardjo rustam gubernur jawa tengah mengubah fungsi stasiun sebagai museum ,https://visitjawatengah.jatengprov.go.id/id/regency/kabupaten-semarang/destinasi-wisata/museum-kereta-api-ambarawa
10,curug tujuh bidadari ,"b'Wisata air terjun di Desa Keseneng, Sumowono, Ungaran ini memiliki 7 tingkatan dengan ketinggian berbeda-beda. Untuk menuju lokasi ini, Anda harus melewati jalan yang berliku dengan kondisi cukup baik. Namun demikian, Anda akan disuguhi pemandangan persawahan dan hutan yang hijau yang indah. Pada bagian atas curug terdapat sumber mata air atau sumur yang sangat segar. Di sekitar curug juga terdapat panggung dan jembatan bambu untuk menikmati cantiknya curug 7 bidadari dari ketinggian. \xc2\xa0 Foto : https://www.indonesiakaya.com/jelajah-indonesia/detail/melihat-air-terjun-bertingkat-di-curug-7-bidadari'",wisata air terjun di desa keseneng sumowono ungaran ini memiliki tingkatan dengan ketinggian berbeda beda untuk menuju lokasi ini anda harus melewati jalan yang berliku dengan kondisi cukup baik namun demikian anda akan disuguhi pemandangan persawahan dan hutan yang hijau yang indah pada bagian atas curug terdapat sumber mata air atau sumur yang sangat segar di sekitar curug juga terdapat panggung dan jembatan bambu untuk menikmati cantiknya curug bidadari dari ketinggian foto  s   indonesiakaya jelajah indonesia detail melihat air terjun bertingkat di curug bidadari,https://visitjawatengah.jatengprov.go.id/id/regency/kabupaten-semarang/destinasi-wisata/curug-tujuh-bidadari
11,gua maria kerep ,"b'Gua Maria merupakan tempat doa dan ziarah umat Katolik yang terletak di Kerep, Kelurahan Panjang Kecamatan Ambarawa.\xc2\xa0Gua Maria\xc2\xa0dibangun sejak tahun 1954. Di area ini terdapat patung Bunda Maria dengan tinggi 42 meter (tinggi patung 23 m + penopang 19 m). Di\xc2\xa0Gua Maria Kerep ini, pengunjung\xc2\xa0 juga dapat\xc2\xa0melakukan jalan salib, disediakan banyak tempat duduk bagi peziarah yang ingin berdoa pada bagian Yesus wafat di kayu salib. \xc2\xa0 Foto : https://www.jejakpiknik.com/gua-maria-kerep/'",gua maria merupakan tempat doa dan ziarah umat katolik yang terletak di kerep kelurahan panjang kecamatan ambarawa gua maria dibangun sejak tahun di area ini terdapat patung bunda maria dengan tinggi meter tinggi patung m penopang m di gua maria kerep ini pengunjung juga dapat melakukan jalan salib disediakan banyak tempat duduk bagi peziarah yang ingin berdoa pada bagian yesus wafat di kayu salib foto  s   jejakpiknik gua maria kerep ,https://visitjawatengah.jatengprov.go.id/id/regency/kabupaten-semarang/destinasi-wisata/gua-maria-kerep
12,the fountain waterpark ,"b'The Fountain menawarkan wahana permainan air dan outbound arena dengan pemandangan dan kesejukan Gunung Ungaran. The Fountain juga dilengkapi dengan resto yang akan memanjakan lidah para pengunjung. Disediakan pula beberapa\xc2\xa0wahana permainan\xc2\xa0yang menyenangkan seperti perosotan, dan ember tumpah yang menjadi favorit anak-anak. Terdapat empat kolam dengan kedalaman berbeda, mulai dari 30 cm,50 cm, 1 meter, hingga 1,5 meter untuk orang dewasa. \xc2\xa0 Foto :\xc2\xa0https://www.instagram.com/fountainungaran/?hl=id'",the fountain menawarkan wahana permainan air dan outbound arena dengan pemandangan dan kesejukan gunung ungaran the fountain juga dilengkapi dengan resto yang akan memanjakan lidah para pengunjung disediakan pula beberapa wahana permainan yang menyenangkan seperti perosotan dan ember tumpah yang menjadi favorit anak anak terdapat empat kolam dengan kedalaman berbeda mulai dari cm cm meter hingga meter untuk orang dewasa foto  s   instagram fountainungaran hl id,https://visitjawatengah.jatengprov.go.id/id/regency/kabupaten-semarang/destinasi-wisata/the-fountain-waterpark
1,kopeng waterpark ,"b'Kopeng Waterpark terletak diantara kota Salatiga dan Magelang, di bawah kaki Gunung Merbabu. Kopeng Waterpark memiliki berbagai fasilitas seperti wahana permainan air dan anak dengan luas lebih dari 4 Ha, resort keluarga, restoran keluarga, fun billiard, gedung pertemuan, outbound center, ATV, paintball, karaoke, gathering area, dan kuda wisata. Kopeng Waterpark juga memiliki pasar buah dan sayuran segar, pusat souvenir dan kaos yang sangat cocok sebagai oleh-oleh.  \xc2\xa0 Untuk info lebih lanjut silahkan kunjungi websitenya http://www.tamanwisatakopeng.com/contact-us/'",kopeng waterpark terletak diantara kota salatiga dan magelang di bawah kaki gunung merbabu kopeng waterpark memiliki berbagai fasilitas seperti wahana permainan air dan anak dengan luas lebih dari ha resort keluarga restoran keluarga fun billiard gedung pertemuan outbound center atv paintball karaoke gathering area dan kuda wisata kopeng waterpark juga memiliki pasar buah dan sayuran segar pusat souvenir dan kaos yang sangat cocok sebagai oleh oleh untuk info lebih lanjut silahkan kunjungi websitenya     tamanwisatakopeng contact us ,https://visitjawatengah.jatengprov.go.id/id/regency/kabupaten-semarang/destinasi-wisata/kopeng-waterpark
2,bukit cinta rawa pening ,"b'Berjarak 1 jam dari pusat Kota Semarang, Bukit Cinta di Desa Kebondowo, Kecamatan Banyubiru, menawarkan panorama yang luar biasa. Pemandangan rawa pening dan gugusan pegunungan yang eksotis membuat orang betah berlama-lama disini. Bukit Cinta Rawa Pening cukup populer di kalangan pecinta fotografi. Mereka biasa menghabiskan waktu saat matahari terbit di pagi hari atau matahari terbenam di sore hari untuk mendapatkan foto yang diinginkan. \xc2\xa0 Foto :\xc2\xa0https://www.instagram.com/bukitcinta.rp/?hl=id \r\n\xc2\xa0'",berjarak jam dari pusat kota semarang bukit cinta di desa kebondowo kecamatan banyubiru menawarkan panorama yang luar biasa pemandangan rawa pening dan gugusan pegunungan yang eksotis membuat orang betah berlama lama disini bukit cinta rawa pening cukup populer di kalangan pecinta fotografi mereka biasa menghabiskan waktu saat matahari terbit di pagi hari atau matahari terbenam di sore hari untuk mendapatkan foto yang diinginkan foto  s   instagram bukitcinta rp hl id ,https://visitjawatengah.jatengprov.go.id/id/regency/kabupaten-semarang/destinasi-wisata/bukit-cinta-rawa-pening
3,palagan ambarawa ,"b'Palagan Ambarawa merupakan sebuah monumen sejarah bangsa Indonesia yang terletak di pinggir jalan raya Ambarawa \xe2\x80\x93 Magelang, tepatnya di tengah kota Ambarawa lebih kurang 30 Km dari Kota Semarang. Dilengkapi dengan museum bernama Museum Isdiman yang menyimpan berbagai koleksi senjata, kendaraan tempur, pakaian dan barang lain yang dipergunakan dalam Pertempuran Ambarawa. Dengan bentuk bangunan joglo sesuai arsitektur budaya Jawa Tengah, Museum Isdiman menjadi objek wisata yang menyediakan wisata edukasi. Wisatawan dapat memahami sejarah sambil mengenang jasa para pahlawan yang telah berjuang mempertahankan Negara tercinta ini. \xc2\xa0'",palagan ambarawa merupakan sebuah monumen sejarah bangsa indonesia yang terletak di pinggir jalan raya ambarawa magelang tepatnya di tengah kota ambarawa lebih kurang km dari kota semarang dilengkapi dengan museum bernama museum isdiman yang menyimpan berbagai koleksi senjata kendaraan tempur pakaian dan barang lain yang dipergunakan dalam pertempuran ambarawa dengan bentuk bangunan joglo sesuai arsitektur budaya jawa tengah museum isdiman menjadi objek wisata yang menyediakan wisata edukasi wisatawan dapat memahami sejarah sambil mengenang jasa para pahlawan yang telah berjuang mempertahankan negara tercinta ini ,https://visitjawatengah.jatengprov.go.id/id/regency/kabupaten-semarang/destinasi-wisata/palagan-ambarawa
4,tlogo resort   goa rong view ,"b'Tlogo Resort Tuntang dengan nuansa unik dan elegan terletak diantara sejuknya perkebunan dan pegunungan tropis. Resort\xc2\xa0ini adalah sebuah tempat akomodasi yang cocok untuk melepaskan kepenatan dari kesibukan sehari-hari. Berbagai fasilitas juga\xc2\xa0tersedia seperti restoran yang menyajikan hidangan lokal istimewa, kolam renang yang luas, inhouse training, outbound, flying fox, paintball, sepeda, dan fasilitas lain yang menyenangkan bagi anak-anak. Goa\xc2\xa0Rong View sendiri berada di bukit yang bisa ditempuh dari jalan buatan di sebelah utara bangunan gazibu utama. Jalan yang ditempuh menurun tajam dan berkelok. Jika\xc2\xa0ingin melewati jalur yang lebih aman, bisa lewat\xc2\xa0jalan utama melalui jalan aspal menuju pos penjagaan. Sejauh mata memandang tampak hamparan Rawa Pening dan gugusan pegunungan Merapi, Merbabu, Sindoro, Sumbing, Ungaran dan Telomoyo, sehingga sangat cocok bagi para penggemar fotografi untuk mengabadikan moment matahari terbit dan tenggelam. Di sini juga dilengkapi fasilitas resto yang menyediakan aneka Masakan Tradisional Khas Tlogo. \xc2\xa0 Kunjungi website resmi di https://tlogoresort.co.id/visitjateng/ \xc2\xa0'",tlogo resort tuntang dengan nuansa unik dan elegan terletak diantara sejuknya perkebunan dan pegunungan tropis resort ini adalah sebuah tempat akomodasi yang cocok untuk melepaskan kepenatan dari kesibukan sehari hari berbagai fasilitas juga tersedia seperti restoran yang menyajikan hidangan lokal istimewa kolam renang yang luas inhouse training outbound flying fox paintball sepeda dan fasilitas lain yang menyenangkan bagi anak anak goa rong view sendiri berada di bukit yang bisa ditempuh dari jalan buatan di sebelah utara bangunan gazibu utama jalan yang ditempuh menurun tajam dan berkelok jika ingin melewati jalur yang lebih aman bisa lewat jalan utama melalui jalan aspal menuju pos penjagaan sejauh mata memandang tampak hamparan rawa pening dan gugusan pegunungan merapi merbabu sindoro sumbing ungaran dan telomoyo sehingga sangat cocok bagi para penggemar fotografi untuk mengabadikan moment matahari terbit dan tenggelam di sini juga dilengkapi fasilitas resto yang menyediakan aneka masakan tradisional khas tlogo kunjungi website resmi di  s tlogoresort co id   ,https://visitjawatengah.jatengprov.go.id/id/regency/kabupaten-semarang/destinasi-wisata/tlogo-resort-goa-rong-view
5,bandungan indah waterpark ,"b'Dahulu dikenal sebagai Hotel PJKA, Bandungan Indah Waterpark berlokasi di jantung Bandungan dengan luas lebih dari 3 Ha dan memiliki berbagai fasilitas seperti family resort, convention hall, waterpark, gardening, playground, kidcastle, pemancingan, out bond, sanctuary butterfly, caf\xc3\xa9, dan live music. Tempat ini cocok bagi pengunjung yang ingin melepas penat dengan berolahraga renang atau melakukan aktivitas outdoor yang menyenangkan lainnya. Ada banyak\xc2\xa0permainan seru yang bisa dicoba seperti ATV, sepeda layang, flying fox, dan masih banyak lagi. Tiket masuk yang dibanderol cukup terjangkau yaitu Tiket Reguler Rp. 15.000, Tiket Waterpark Rp. 20.000, dan Tiket Wahana Rp. 10.000 - Rp. 35.000.'",dahulu dikenal sebagai hotel pjka bandungan indah waterpark berlokasi di jantung bandungan dengan luas lebih dari ha dan memiliki berbagai fasilitas seperti family resort convention hall waterpark gardening playground kidcastle pemancingan out bond sanctuary butterfly caf dan live music tempat ini cocok bagi pengunjung yang ingin melepas penat dengan berolahraga renang atau melakukan aktivitas outdoor yang menyenangkan lainnya ada banyak permainan seru yang bisa dicoba seperti atv sepeda layang flying fox dan masih banyak lagi tiket masuk yang dibanderol cukup terjangkau yaitu tiket reguler rp tiket waterpark rp dan tiket wahana rp rp ,https://visitjawatengah.jatengprov.go.id/id/regency/kabupaten-semarang/destinasi-wisata/bandungan-indah-waterpark
6,candi gedongsongo ,"b'Candi Gedongsongo merupakan kompleks candi yang terletak di lereng Gunung Ungaran. Komplek candi ini ditemukan oleh Raffles pada 1804 dan merupakan peninggalan dari Dinasti Sanjaya abad 9. Nama Gedongsongo berasal dari bahasa Jawa, yakni Gedong yang artinya bangunan dan Songo yang berarti sembilan. Namun demikian, jumlah candi ini kurang dari sembilan. Lokasi antar Candi cukup berjauhan, sehingga\xc2\xa0Anda yang ingin mengunjungi semua Candi harus memiliki stamina yang cukup kuat. Anda juga bisa memanfaatkan jasa kuda wisata. Di area tertentu dapat digunakan untuk berkemah.\xc2\xa0'",candi gedongsongo merupakan kompleks candi yang terletak di lereng gunung ungaran komplek candi ini ditemukan oleh raffles pada dan merupakan peninggalan dari dinasti sanjaya abad nama gedongsongo berasal dari bahasa jawa yakni gedong yang artinya bangunan dan songo yang berarti sembilan namun demikian jumlah candi ini kurang dari sembilan lokasi antar candi cukup berjauhan sehingga anda yang ingin mengunjungi semua candi harus memiliki stamina yang cukup kuat anda juga bisa memanfaatkan jasa kuda wisata di area tertentu dapat digunakan untuk berkemah ,https://visitjawatengah.jatengprov.go.id/id/regency/kabupaten-semarang/destinasi-wisata/candi-gedongsongo
7,pemandian muncul ,"b'Pemandian Muncul adalah pemandian alam dari sumber air alami yang terletak di jalan alternatif Ambarawa sampai Salatiga, di Desa Rowoboni, Kecamatan Banyu Biru. Berjarak kurang lebih 4 Km dari Kota Semarang. Kawasan Pemandian Alam Muncul ini disamping dimanfaatkan sebagai objek wisata air juga menyediakan area pembibitan dan pemancingan ikan dengan panorama hamparan sawah dan sungai yang indah. Di Pemandian Alam Muncul secara rutin diadakan acara budaya berupa ritual Padusan yang dilaksanakan satu tahun sekali menjelang bulan puasa. Acara ritual Padusan tersebut sangat menarik para wisatawan yang berkunjung ke tempat wisata\xc2\xa0tersebut.'",pemandian muncul adalah pemandian alam dari sumber air alami yang terletak di jalan alternatif ambarawa sampai salatiga di desa rowoboni kecamatan banyu biru berjarak kurang lebih km dari kota semarang kawasan pemandian alam muncul ini disamping dimanfaatkan sebagai objek wisata air juga menyediakan area pembibitan dan pemancingan ikan dengan panorama hamparan sawah dan sungai yang indah di pemandian alam muncul secara rutin diadakan acara budaya berupa ritual padusan yang dilaksanakan satu tahun sekali menjelang bulan puasa acara ritual padusan tersebut sangat menarik para wisatawan yang berkunjung ke tempat wisata tersebut ,https://visitjawatengah.jatengprov.go.id/id/regency/kabupaten-semarang/destinasi-wisata/pemandian-muncul
8,curug semirang ,"b'Air Terjun Semirang terletak di Desa Gogik, lereng Gunung Ungaran dengan pemandangan yang menarik kearah Kota Ungaran. Topografi sekitar kawasan wisata cocok untuk area tracking, sepeda gunung, dan olah raga gunung lainnya. Selama perjalanan, pengunjung diajak menikmati suasana perkebunan pala dan kopi di kanan kirinya. Wisata ini cocok bagi anda yang suka tracking dengan pemandangan alam sekitar yang indah.'",air terjun semirang terletak di desa gogik lereng gunung ungaran dengan pemandangan yang menarik kearah kota ungaran topografi sekitar kawasan wisata cocok untuk area tracking sepeda gunung dan olah raga gunung lainnya selama perjalanan pengunjung diajak menikmati suasana perkebunan pala dan kopi di kanan kirinya wisata ini cocok bagi anda yang suka tracking dengan pemandangan alam sekitar yang indah ,https://visitjawatengah.jatengprov.go.id/id/regency/kabupaten-semarang/destinasi-wisata/curug-semirang
9,hortimart agro center ,"b'Hortimart merupakan agro wisata yang terletak di Jl. Gatot Subroto No. 55 Bawen. Hortimart menyediakan buah segar dengan aneka sayuran organik yang dapat dipetik sendiri. Selain itu juga terdapat bibit buah, benih sayuran, pupuk dan tanaman obat. Hortimart terdapat restoran bernuansa perkebunan dengan udara sejuk yang menyediakan makanan sehat dari sayur organik dan buah segar.  \xc2\xa0 Sumber Foto :\xc2\xa0https://kabsemarangtourism.com/?p=345'",hortimart merupakan agro wisata yang terletak di jl gatot subroto no bawen hortimart menyediakan buah segar dengan aneka sayuran organik yang dapat dipetik sendiri selain itu juga terdapat bibit buah benih sayuran pupuk dan tanaman obat hortimart terdapat restoran bernuansa perkebunan dengan udara sejuk yang menyediakan makanan sehat dari sayur organik dan buah segar sumber foto  s   p ,https://visitjawatengah.jatengprov.go.id/id/regency/kabupaten-semarang/destinasi-wisata/hortimart-agro-center
10,hills joglo villa ,"b'Hills Joglo Vila menawarkan nuansa alam berbalut seni pada bangunan Joglo nya.\xc2\xa0Terletak di Desa Keji, sekitar 3 km dari Ungaran, resor ini dilengkapi dengan restoran, galeri, penginapan dan toko-toko antik. Hiils Joglo Vila\xc2\xa0adalah tempat yang sangat nyaman dengan pemandangan\xc2\xa0sawah dan udaranya yang sejuk. Tempat ini dapat menjadi destinasi yang pas untuk menghabiskan akhir pekan bersama keluarga.\xc2\xa0 \xc2\xa0 Untuk info selengkapnya dapat mengunjungi website https://www.villajoglo.com/'",hills joglo vila menawarkan nuansa alam berbalut seni pada bangunan joglo nya terletak di desa keji sekitar km dari ungaran resor ini dilengkapi dengan restoran galeri penginapan dan toko toko antik hiils joglo vila adalah tempat yang sangat nyaman dengan pemandangan sawah dan udaranya yang sejuk tempat ini dapat menjadi destinasi yang pas untuk menghabiskan akhir pekan bersama keluarga untuk info selengkapnya dapat mengunjungi website  s   villajoglo ,https://visitjawatengah.jatengprov.go.id/id/regency/kabupaten-semarang/destinasi-wisata/hills-joglo-villa
11,umbul sidomukti ,"b'Umbul Sidomukti merupakan\xc2\xa0tempat wisata yang terletak di Desa Sidomukti, Bandungan, Kabupaten Semarang. Berkonsep REAL (Recreation, Education, Advanture and Leisure) Umbul Sidomukti menawarkan wisata kolam renang alami dan wahana outdoor seru, seperti ATV, Paralayang, Flying Fox, Marine Brigde, Little Ranch, dan masih banyak lainnya. Terletak di ketinggian 1200 mpdl, pengunjung akan disuguhkan pemandangan Kabupaten Semarang dari ketinggian.\xc2\xa0Selain itu, letaknya yang berada di dataran tinggi, membuat udara sekitar Umbul Sidomukti cenderung dingin. Dilengkapi dengan\xc2\xa0kafe\xc2\xa0dan penginapan, menjadikan Umbul Sidomukti bagai paket komplit yang patut dikunjungi untuk menghabiskan akhir pekan. \xc2\xa0 Untuk informasi selengkapnya silahkan kunjungi\xc2\xa0https://www.umbulsidomukti.com/'",umbul sidomukti merupakan tempat wisata yang terletak di desa sidomukti bandungan kabupaten semarang berkonsep real recreation education advanture and leisure umbul sidomukti menawarkan wisata kolam renang alami dan wahana outdoor seru seperti atv paralayang flying fox marine brigde little ranch dan masih banyak lainnya terletak di ketinggian mpdl pengunjung akan disuguhkan pemandangan kabupaten semarang dari ketinggian selain itu letaknya yang berada di dataran tinggi membuat udara sekitar umbul sidomukti cenderung dingin dilengkapi dengan kafe dan penginapan menjadikan umbul sidomukti bagai paket komplit yang patut dikunjungi untuk menghabiskan akhir pekan untuk informasi selengkapnya silahkan kunjungi  s   umbulsidomukti ,https://visitjawatengah.jatengprov.go.id/id/regency/kabupaten-semarang/destinasi-wisata/umbul-sidomukti
12,balemong resort ,"b'Balemong adalah sebuah resor dengan arsitektur khas Jawa dan Eropa yang terletak di Jl. Patimura 1B, Sisemut, Ungaran. Balemong menawarkan suasana pedesaan dan pemandangan Gunung Ungaran yang indah. Selain arsitekstunya yang kental, restoran yang ada didalamnya pun menyajikan masakan khas Jawa dan Eropa yang akan memanjakan lidah pengunjung. Ada pula galeri barang antik yang dapat dibeli pengunjung, ruang rapat, kafe, dan spa. Untuk informasi dan reservasi hubungi 024- 6.925.511.  \xc2\xa0 Untuk informasi lebih lanjut silahkan kunjungi\xc2\xa0http://www.balemong.com'",balemong adalah sebuah resor dengan arsitektur khas jawa dan eropa yang terletak di jl patimura b sisemut ungaran balemong menawarkan suasana pedesaan dan pemandangan gunung ungaran yang indah selain arsitekstunya yang kental restoran yang ada didalamnya pun menyajikan masakan khas jawa dan eropa yang akan memanjakan lidah pengunjung ada pula galeri barang antik yang dapat dibeli pengunjung ruang rapat kafe dan spa untuk informasi dan reservasi hubungi untuk informasi lebih lanjut silahkan kunjungi     balemong com,https://visitjawatengah.jatengprov.go.id/id/regency/kabupaten-semarang/destinasi-wisata/balemong-resort
1,cimory on the valley ,"b'Terletak 1 jam dari pusat Kota Semarang, Cimory On The Valley menyajikan wisata rekreasi dan edukasi yang menarik bagi anak-anak dan keluarga. Pengunjung dapat menikmati hijaunya perkebunan dan melihat proses pengolahan susu yang ada di peternakan. Bagi penggemar cokelat terdapat juga corner khusus bernama Chocomory\xc2\xa0dimana disana pengunjung dapat membeli berbagai produk olahan cokelat seperti permen cokelat, minuman cokelat, kacang cokelat, dan banyak lagi.\xc2\xa0Untuk masuk ke Cimory On The Valley ini pengunjung dikenakan biaya RP. 15.000 per orang yang tiketnya dapat ditukar dengan youghurt di area Farm. Tempat ini buka setiap hari mulai\xc2\xa0pukul 08.00 hingga 21.00. \xc2\xa0 Foto :\xc2\xa0https://www.tripadvisor.co.id/Restaurant_Review-g297712-d4562333-Reviews-Cimory_on_the_Valley-Semarang_Central_Java_Java.html'",terletak jam dari pusat kota semarang cimory on the valley menyajikan wisata rekreasi dan edukasi yang menarik bagi anak anak dan keluarga pengunjung dapat menikmati hijaunya perkebunan dan melihat proses pengolahan susu yang ada di peternakan bagi penggemar cokelat terdapat juga corner khusus bernama chocomory dimana disana pengunjung dapat membeli berbagai produk olahan cokelat seperti permen cokelat minuman cokelat kacang cokelat dan banyak lagi untuk masuk ke cimory on the valley ini pengunjung dikenakan biaya rp per orang yang tiketnya dapat ditukar dengan youghurt di area farm tempat ini buka setiap hari mulai pukul hingga foto  s   tripadvisor co id restaurant review g d reviews cimory on the valley semarang central java java  ,https://visitjawatengah.jatengprov.go.id/id/regency/kabupaten-semarang/destinasi-wisata/cimory-on-the-valley
2,curug kembar bolodewo ,"b'Curug atau Air terjun Bolodewo adalah dua curug yang saling berdekatan sehingga dikatakan ""kembar"" dan kata ""Bolodewo"" berasal dari tokoh pewayangan ""Baladewa"" sehingga dinamakan Curug Kembar Bolodewo. Di sekitar daerah ini, dapat ditemukan makanan tradisional khas desa ini yaitu\xc2\xa0\xc2\x91montor mabur\xc2\x92. Makanan ini terbuat dari singkong dicampur dengan gula aren. \xc2\xa0 Foto :\xc2\xa0https://kabsemarangtourism.com/?p=330'",curug atau air terjun bolodewo adalah dua curug yang saling berdekatan sehingga dikatakan kembar dan kata bolodewo berasal dari tokoh pewayangan baladewa sehingga dinamakan curug kembar bolodewo di sekitar daerah ini dapat ditemukan makanan tradisional khas desa ini yaitu montor mabur makanan ini terbuat dari singkong dicampur dengan gula aren foto  s   p ,https://visitjawatengah.jatengprov.go.id/id/regency/kabupaten-semarang/destinasi-wisata/curug-kembar-bolodewo
