Terms,docFreq,postList
abad,2,"[2, 29]"
acara,2,"[30, 30]"
ada,9,"[10, 11, 6, 35, 14, 4, 28, 35, 36]"
adalah,7,"[37, 33, 15, 18, 27, 35, 30]"
adrenalin,2,"[9, 17]"
advanture,1,[34]
agama,1,[1]
agendakan,1,[7]
agro,3,"[32, 32, 18]"
air,20,"[13, 16, 13, 24, 31, 30, 37, 21, 13, 13, 30, 23, 17, 21, 19, 5, 3, 21, 19, 17]"
airnya,1,[17]
aja,1,[4]
ajak,1,[13]
akan,6,"[34, 35, 21, 14, 23, 17]"
akhir,3,"[9, 33, 34]"
akomodasi,1,[27]
akses,1,[13]
aktivitas,1,[28]
ala,1,[9]
alam,7,"[30, 0, 30, 30, 33, 16, 31]"
alami,3,"[16, 30, 34]"
alas,1,[14]
all,1,[4]
alternatif,1,[30]
aman,1,[27]
ambarawa,15,"[20, 20, 30, 20, 20, 26, 22, 26, 12, 26, 12, 26, 12, 26, 12]"
anak,11,"[18, 17, 23, 23, 27, 27, 9, 24, 36, 36, 5]"
and,2,"[18, 34]"
anda,7,"[31, 21, 29, 29, 16, 16, 21]"
aneka,4,"[32, 16, 27, 5]"
angin,1,[15]
angklung,1,[16]
antar,1,[29]
antara,2,"[18, 16]"
antaranya,1,[15]
antik,2,"[35, 33]"
apa,2,"[3, 4]"
api,3,"[20, 20, 20]"
area,6,"[24, 29, 31, 30, 22, 36]"
aren,2,"[16, 37]"
arena,1,[23]
argo,5,"[17, 17, 17, 17, 17]"
arsitekstunya,1,[35]
arsitektur,2,"[26, 35]"
artinya,1,[29]
asalnya,1,[15]
asli,2,"[7, 15]"
aspal,1,[27]
assumpta,1,[12]
asyik,1,[11]
atap,1,[2]
atas,3,"[21, 6, 20]"
atau,6,"[3, 10, 25, 28, 21, 37]"
atraksi,2,"[16, 16]"
atv,4,"[10, 28, 34, 24]"
awal,1,[1]
ayo,2,"[5, 14]"
ayoo,1,[5]
ayunan,1,[14]
b,1,[35]
bag,1,[10]
bagai,1,[34]
bagaikan,1,[19]
bagaimana,1,[10]
bagi,7,"[31, 36, 28, 22, 27, 27, 36]"
bagian,4,"[2, 2, 22, 21]"
bahan,1,[16]
bahasa,2,"[29, 19]"
bahkan,1,[12]
baik,1,[21]
bakal,1,[7]
baladewa,1,[37]
balemong,4,"[35, 35, 35, 35]"
bambu,2,"[21, 16]"
ban,1,[10]
banaran,5,"[18, 18, 18, 18, 18]"
bandungan,6,"[7, 15, 28, 28, 28, 34]"
banget,1,[9]
bangsa,1,[26]
bangunan,5,"[29, 33, 27, 26, 20]"
bantalan,1,[10]
banyak,8,"[11, 34, 11, 28, 28, 4, 22, 36]"
banyu,1,[30]
banyubiru,3,"[25, 14, 2]"
banyukuning,1,[15]
barang,2,"[26, 35]"
barat,2,"[17, 3]"
bareng,2,"[9, 5]"
baru,2,"[14, 13]"
basah,1,[6]
basahan,1,[6]
batur,2,"[10, 10]"
bawah,1,[24]
bawen,4,"[9, 18, 32, 18]"
bebatuan,1,[16]
beberapa,4,"[16, 9, 18, 23]"
beda,1,[21]
begitu,1,[2]
belanda,1,[20]
beliau,1,[1]
benang,2,"[19, 19]"
benih,1,[32]
bentang,1,[16]
bentuk,1,[26]
berada,5,"[34, 5, 27, 14, 15]"
beragam,2,"[16, 15]"
berarti,1,[29]
berasal,2,"[37, 29]"
berbagai,6,"[1, 27, 36, 24, 26, 28]"
berbalut,1,[33]
berbasis,1,[1]
berbau,1,[17]
berbeda,2,"[23, 21]"
bercocok,1,[16]
berdakwah,1,[1]
berdasarkan,1,[2]
berdekatan,1,[37]
berdirinya,1,[1]
berdoa,2,"[8, 22]"
berenang,1,[5]
berfoto,2,"[3, 14]"
berjarak,2,"[30, 25]"
berjauhan,1,[29]
berjuang,1,[26]
berkelok,1,[27]
berkemah,2,"[0, 29]"
berkonsep,1,[34]
berkunjung,1,[30]
berlama,1,[25]
berliku,1,[21]
berlokasi,2,"[28, 19]"
bermain,3,"[18, 9, 13]"
bermotor,1,[13]
bernama,2,"[26, 36]"
bernuansa,1,[32]
berolahraga,1,[28]
berpusat,1,[18]
bersama,5,"[3, 10, 7, 33, 1]"
bersandar,1,[14]
bersantai,1,[10]
berselera,1,[5]
bersumber,1,[17]
bertingkat,1,[21]
berupa,2,"[30, 17]"
berziarah,1,[8]
besar,1,[9]
besarnya,1,[6]
besi,1,[14]
betah,2,"[25, 7]"
beternak,1,[16]
biasa,2,"[25, 25]"
biaya,1,[36]
bibit,1,[32]
bidadari,3,"[21, 21, 21]"
bikin,2,"[5, 7]"
billiard,1,[24]
bintoro,1,[1]
biru,1,[30]
bisa,19,"[27, 6, 6, 13, 9, 28, 27, 6, 13, 4, 10, 11, 7, 29, 10, 5, 5, 0, 13]"
blanten,1,[17]
bolodewo,4,"[37, 37, 37, 37]"
bond,1,[28]
brawijaya,3,"[2, 2, 2]"
brigde,1,[34]
buah,4,"[32, 32, 32, 24]"
buat,1,[4]
buatan,1,[27]
budaya,3,"[30, 26, 16]"
buka,4,"[17, 17, 17, 36]"
bukit,4,"[25, 25, 25, 27]"
bukitcinta,1,[25]
bulan,1,[30]
bumbung,1,[16]
bunda,2,"[22, 12]"
bunga,6,"[15, 15, 15, 15, 15, 15]"
buruan,1,[1]
butterfly,1,[28]
caf,1,[28]
cagarbudaya,1,[2]
camping,1,[0]
candi,16,"[11, 15, 2, 29, 29, 29, 2, 29, 29, 2, 29, 2, 2, 29, 2, 2]"
cantiknya,1,[21]
caping,1,[16]
cari,4,"[13, 4, 9, 4]"
catur,2,"[6, 6]"
caving,1,[10]
celosia,4,"[15, 15, 15, 15]"
cenderung,1,[34]
center,2,"[24, 32]"
central,1,[36]
chocomory,1,[36]
cimory,4,"[36, 36, 36, 36]"
cinta,3,"[25, 25, 25]"
cm,4,"[23, 23, 17, 17]"
co,3,"[18, 27, 36]"
cobain,3,"[5, 7, 6]"
cocok,6,"[31, 27, 31, 27, 28, 24]"
coffee,1,[18]
cokelat,5,"[36, 36, 36, 36, 36]"
com,1,[35]
contact,1,[24]
convention,2,"[18, 28]"
corner,1,[36]
court,1,[18]
cukup,8,"[28, 29, 29, 8, 21, 25, 17, 17]"
culture,1,[2]
cuma,2,"[11, 7]"
curam,1,[19]
curug,17,"[13, 37, 13, 19, 19, 19, 21, 37, 21, 21, 21, 13, 16, 21, 37, 37, 31]"
cuss,1,[0]
d,1,[36]
daerah,2,"[1, 37]"
dahulu,1,[28]
dalam,2,"[19, 26]"
dan,73,"[24, 21, 27, 29, 27, 27, 27, 17, 25, 17, 29, 28, 24, 10, 10, 28, 17, 17, 28, 24, 13, 18, 18, 20, 16, 16, 33, 23, 24, 32, 24, 27, 14, 15, 30, 28, 30, 16, 31, 22, 12, 33, 26, 31, 14, 23, 27, 21, 16, 32, 16, 27, 23, 18, 20, 35, 36, 35, 2, 35, 0, 36, 34, 34, 37, 35, 4, 36, 5, 34, 5, 36, 35]"
danuwo,2,"[5, 5]"
dapat,16,"[33, 16, 4, 20, 16, 32, 37, 36, 26, 36, 18, 29, 33, 36, 22, 35]"
dari,31,"[11, 8, 12, 32, 30, 7, 6, 26, 30, 15, 9, 33, 1, 27, 37, 21, 23, 20, 24, 28, 27, 25, 19, 17, 29, 29, 17, 34, 36, 29, 37]"
datang,4,"[4, 16, 5, 15]"
dataran,1,[34]
daya,1,[5]
deh,2,"[7, 6]"
dekat,1,[20]
demak,1,[1]
demikian,2,"[21, 29]"
dengan,35,"[31, 30, 22, 36, 0, 26, 15, 23, 24, 21, 21, 26, 28, 23, 32, 27, 35, 13, 17, 31, 2, 13, 33, 34, 14, 17, 13, 13, 10, 23, 37, 28, 32, 33, 20]"
denok,1,[16]
desa,23,"[17, 30, 15, 31, 33, 16, 16, 1, 13, 16, 21, 37, 16, 20, 1, 19, 3, 25, 16, 3, 2, 14, 34]"
desawisatalerep,2,"[16, 16]"
destinasi,2,"[17, 33]"
detail,1,[21]
dewasa,3,"[23, 17, 5]"
di,82,"[14, 35, 3, 13, 31, 13, 20, 10, 28, 24, 8, 13, 10, 14, 10, 3, 21, 14, 17, 29, 34, 30, 27, 2, 14, 6, 21, 22, 36, 26, 9, 7, 25, 27, 25, 32, 26, 25, 18, 30, 3, 31, 8, 12, 25, 33, 15, 15, 0, 19, 3, 10, 22, 29, 22, 3, 11, 1, 30, 22, 36, 1, 10, 5, 6, 27, 17, 37, 34, 27, 6, 1, 15, 34, 21, 3, 3, 11, 0, 16, 20, 2]"
diadakan,1,[30]
diajak,1,[31]
diantara,2,"[24, 27]"
dibanderol,1,[28]
dibangun,3,"[22, 2, 20]"
dibeli,1,[35]
dicampur,1,[37]
dicoba,1,[28]
didalamnya,1,[35]
didatangkan,1,[15]
didesain,1,[15]
digunakan,1,[29]
diinginkan,1,[25]
dijangkau,1,[9]
dijatengaja,7,"[5, 4, 8, 6, 2, 9, 3]"
dijumpai,1,[16]
dikarenakan,1,[17]
dikatakan,1,[37]
dikenakan,1,[36]
dikenal,2,"[28, 1]"
dikunjungi,1,[34]
dilaksanakan,1,[30]
dilakukan,1,[17]
dilalui,1,[13]
dilengkapi,6,"[33, 26, 34, 23, 17, 27]"
dimana,1,[36]
dimanfaatkan,1,[30]
dinamakan,2,"[19, 37]"
dinasti,1,[29]
dingin,1,[34]
diperbolehkan,2,"[14, 14]"
dipergunakan,1,[26]
dipetik,1,[32]
dipuro,1,[1]
diragukan,1,[15]
diri,1,[8]
disamping,1,[30]
disana,1,[36]
disebut,1,[19]
disediakan,2,"[23, 22]"
disinggahi,1,[2]
disini,1,[25]
disuguhi,1,[21]
disuguhkan,1,[34]
ditempuh,2,"[27, 27]"
ditemukan,3,"[29, 37, 2]"
ditukar,1,[36]
diyakini,1,[2]
dll,1,[9]
doa,1,[22]
dolanjateng,1,[3]
drumblek,1,[16]
dua,2,"[37, 13]"
duduk,1,[22]
dukuh,3,"[2, 2, 2]"
dulu,2,"[3, 16]"
dunia,1,[15]
dusun,5,"[9, 16, 17, 9, 9]"
eco,1,[3]
ecotour,1,[16]
edu,2,"[16, 3]"
education,2,"[18, 34]"
edukasi,4,"[7, 36, 18, 26]"
effiel,1,[15]
eksotis,1,[25]
elegan,1,[27]
emang,1,[4]
ember,1,[23]
embung,1,[3]
empat,2,"[17, 23]"
eropa,5,"[35, 15, 35, 9, 15]"
event,1,[18]
exit,1,[9]
explorejateng,5,"[4, 3, 2, 8, 5]"
family,1,[28]
farm,1,[36]
fasilitas,6,"[27, 24, 28, 27, 18, 27]"
favorit,1,[23]
flying,3,"[27, 28, 34]"
follow,6,"[0, 1, 3, 2, 6, 4]"
foto,9,"[21, 25, 22, 36, 7, 25, 32, 23, 37]"
fotografi,2,"[25, 27]"
fountain,3,"[23, 23, 23]"
fountainungaran,1,[23]
fox,3,"[27, 28, 34]"
fun,1,[24]
fungsi,1,[20]
g,1,[36]
ga,1,[7]
gajah,2,"[6, 6]"
galeri,2,"[35, 33]"
gambyong,1,[16]
gangsing,1,[16]
garden,2,"[7, 7]"
gardening,1,[28]
gathering,1,[24]
gatot,1,[32]
gazibu,1,[27]
gedong,5,"[2, 4, 4, 29, 15]"
gedongsongo,7,"[11, 29, 11, 29, 11, 29, 11]"
gedung,1,[24]
gemawang,1,[19]
gepuk,1,[16]
getasan,2,"[10, 10]"
glamping,2,"[11, 10]"
gmka,2,"[12, 12]"
goa,2,"[27, 27]"
gogik,1,[31]
ground,1,[0]
gua,11,"[22, 22, 8, 8, 22, 12, 12, 12, 22, 8, 22]"
gubernur,1,[20]
gugusan,3,"[20, 27, 25]"
gula,2,"[37, 16]"
gumuk,3,"[14, 14, 14]"
gunung,10,"[23, 31, 31, 29, 17, 31, 24, 3, 1, 35]"
ha,2,"[24, 28]"
hadir,1,[16]
hal,1,[3]
hall,2,"[28, 18]"
halloween,1,[11]
hamparan,2,"[30, 27]"
hanya,5,"[17, 2, 9, 13, 13]"
harga,2,"[17, 13]"
hari,7,"[17, 27, 25, 17, 17, 25, 36]"
harus,2,"[21, 29]"
hasan,2,"[1, 1]"
heran,1,[17]
heritage,1,[2]
hidangan,1,[27]
hidup,1,[1]
hiils,1,[33]
hijau,2,"[7, 21]"
hijaunya,1,[36]
hill,4,"[11, 4, 11, 11]"
hills,2,"[33, 33]"
hingga,7,"[17, 36, 17, 23, 11, 18, 1]"
hl,2,"[23, 25]"
hortimart,4,"[32, 32, 32, 32]"
hotel,2,"[18, 28]"
hubungi,1,[35]
hutan,1,[21]
i,1,[20]
ialah,1,[16]
icip,2,"[3, 3]"
id,5,"[23, 18, 27, 25, 36]"
ikan,1,[30]
ikon,2,"[13, 15]"
in,2,"[4, 4]"
indah,9,"[30, 12, 16, 28, 7, 28, 35, 21, 31]"
indonesia,3,"[26, 21, 12]"
indonesiakaya,1,[21]
indoor,1,[18]
indrokilo,2,"[16, 3]"
info,8,"[4, 6, 0, 33, 1, 2, 3, 24]"
informasi,4,"[16, 35, 34, 35]"
ingat,1,[14]
ingin,5,"[28, 27, 22, 29, 16]"
inhouse,1,[27]
ini,28,"[17, 19, 29, 27, 5, 17, 21, 14, 13, 37, 33, 37, 28, 31, 20, 21, 22, 36, 36, 16, 29, 33, 20, 15, 22, 30, 26, 37]"
instagram,4,"[25, 23, 16, 16]"
instagrammable,3,"[9, 11, 11]"
instruksi,1,[20]
iriban,1,[16]
isdiman,2,"[26, 26]"
islam,1,[1]
istimewa,2,"[27, 18]"
itu,3,"[32, 34, 10]"
iya,2,"[6, 10]"
jadi,1,[13]
jajanan,1,[16]
jalan,12,"[30, 27, 26, 10, 3, 20, 27, 27, 22, 3, 27, 21]"
jalur,1,[27]
jam,2,"[36, 25]"
jangan,1,[2]
jantung,1,[28]
jaran,1,[16]
jasa,2,"[26, 29]"
jatenggayeng,7,"[4, 9, 3, 5, 8, 2, 6]"
jatenghits,1,[2]
jatuh,2,"[10, 19]"
jauh,3,"[8, 15, 15]"
java,2,"[36, 36]"
jawa,8,"[13, 20, 35, 29, 10, 26, 19, 35]"
jawabannya,1,[4]
jawabnya,1,[9]
jejakpiknik,1,[22]
jelajah,2,"[3, 21]"
jembatan,5,"[21, 14, 14, 14, 14]"
jenis,1,[15]
jepang,1,[11]
jernih,2,"[16, 17]"
jika,1,[27]
jl,3,"[35, 32, 18]"
jogja,1,[20]
joglo,5,"[26, 33, 33, 33, 33]"
juga,20,"[36, 21, 13, 32, 18, 24, 22, 11, 27, 15, 29, 27, 10, 16, 9, 30, 23, 0, 14, 16]"
jumat,1,[17]
jumlah,1,[29]
jump,1,[10]
jumpai,1,[10]
ka,1,[20]
kab,5,"[2, 17, 3, 1, 11]"
kabupaten,11,"[6, 15, 8, 34, 0, 14, 5, 12, 2, 34, 3]"
kaca,4,"[14, 14, 14, 14]"
kacang,1,[36]
kadeso,1,[16]
kafe,2,"[34, 35]"
kakao,1,[18]
kaki,3,"[14, 2, 24]"
kalah,1,[14]
kalangan,1,[25]
kalau,4,"[6, 6, 4, 5]"
kalian,1,[6]
kaliurip,4,"[13, 13, 13, 13]"
kaliwungu,1,[5]
kamis,1,[17]
kampoeng,4,"[18, 18, 18, 18]"
kampoengkopibanaran,1,[18]
kampung,3,"[11, 11, 11]"
kamu,4,"[13, 0, 11, 7]"
kan,1,[11]
kanan,1,[31]
kangen,1,[0]
kaos,1,[24]
karaoke,1,[24]
karena,2,"[2, 19]"
karet,1,[18]
kata,1,[37]
katolik,2,"[22, 12]"
kawasan,3,"[15, 30, 31]"
kayana,2,"[0, 0]"
kayu,1,[22]
ke,16,"[3, 36, 3, 13, 6, 30, 15, 5, 15, 5, 4, 14, 6, 16, 6, 6]"
kearah,1,[31]
kebersihannya,1,[17]
kebondowo,1,[25]
kebun,1,[7]
kec,1,[10]
kecamatan,11,"[25, 12, 8, 14, 5, 22, 2, 19, 17, 30, 13]"
keceh,2,"[5, 6]"
kedalaman,3,"[23, 13, 17]"
kedamaian,1,[8]
kedua,1,[3]
keempat,1,[3]
keheningan,1,[8]
keindahan,1,[15]
keji,1,[33]
kelima,1,[3]
kelinci,2,"[6, 6]"
keluarga,9,"[9, 10, 3, 24, 24, 5, 9, 36, 33]"
kelurahan,1,[22]
kembar,3,"[37, 37, 37]"
kemiri,1,[13]
kenapa,1,[12]
kendaraan,2,"[13, 26]"
kental,1,[35]
kenyang,1,[5]
kepang,1,[16]
kepenatan,1,[27]
kerajinan,1,[16]
keramaian,1,[8]
keren,1,[11]
kerep,7,"[12, 22, 12, 22, 12, 22, 22]"
kereta,4,"[20, 20, 20, 20]"
keripik,1,[3]
kesatu,1,[3]
kesejukan,1,[23]
keseneng,1,[21]
kesenian,2,"[16, 16]"
kesibukan,1,[27]
kesultanan,1,[1]
ketiga,1,[3]
ketinggian,7,"[13, 21, 34, 14, 21, 34, 6]"
khas,5,"[27, 13, 37, 35, 35]"
khatulistiwa,1,[7]
khusus,2,"[14, 36]"
kidcastle,1,[28]
kilometer,1,[20]
kincir,1,[15]
kingkong,1,[6]
kini,1,[1]
kirinya,1,[31]
km,4,"[33, 18, 26, 30]"
kolam,12,"[27, 34, 23, 17, 17, 17, 6, 17, 17, 5, 17, 18]"
koleksi,1,[26]
kolonial,1,[20]
komplek,1,[29]
kompleks,1,[29]
komplit,2,"[9, 34]"
kondisi,1,[21]
kondisinya,1,[2]
konstruksi,1,[2]
kopeng,8,"[24, 10, 10, 10, 24, 24, 10, 24]"
kopi,7,"[18, 18, 18, 18, 18, 16, 31]"
korea,1,[9]
kota,9,"[20, 26, 31, 20, 25, 26, 24, 36, 30]"
kuat,1,[29]
kuda,2,"[24, 29]"
kuliner,3,"[3, 13, 3]"
kulineran,1,[9]
kunjungi,5,"[18, 34, 24, 27, 35]"
kuno,2,"[20, 20]"
kurang,3,"[30, 26, 29]"
kuuyyyy,1,[6]
labirin,1,[11]
lagi,4,"[28, 4, 15, 36]"
lain,4,"[16, 27, 26, 18]"
lainnya,7,"[2, 3, 34, 31, 10, 4, 28]"
lalu,1,[10]
lama,1,[25]
langit,2,"[14, 14]"
langsung,3,"[5, 15, 7]"
lanjut,3,"[24, 35, 10]"
lapar,1,[13]
lapis,1,[14]
lawe,4,"[19, 19, 19, 19]"
layang,1,[28]
lebih,7,"[35, 30, 27, 28, 24, 26, 24]"
leisure,1,[34]
lengkap,2,"[15, 2]"
lereng,3,"[29, 1, 31]"
lerep,7,"[3, 3, 16, 16, 16, 16, 17]"
letaknya,1,[34]
lewat,1,[27]
lho,1,[0]
liburan,1,[15]
liburanmu,1,[6]
liburannya,1,[15]
lidah,2,"[35, 23]"
lihat,1,[6]
lima,1,[13]
limbah,1,[16]
little,1,[34]
live,1,[28]
lokal,1,[27]
lokasi,2,"[21, 29]"
lokasinya,2,"[9, 11]"
luar,2,"[25, 12]"
luas,3,"[28, 24, 27]"
lupa,1,[2]
m,5,"[14, 22, 22, 13, 17]"
mabur,1,[37]
magelang,2,"[26, 24]"
magnet,1,[12]
main,2,"[6, 6]"
majapahit,1,[2]
makamnya,1,[1]
makanan,4,"[32, 37, 16, 37]"
makin,1,[5]
maksimal,1,[14]
mampir,1,[6]
mampirlah,1,[3]
mari,1,[8]
maria,13,"[12, 8, 8, 8, 22, 22, 12, 22, 12, 22, 22, 22, 12]"
marine,1,[34]
masa,1,[1]
masakan,3,"[27, 5, 35]"
masih,3,"[34, 28, 14]"
masjid,1,[1]
masuk,3,"[17, 36, 28]"
masyarakat,1,[2]
mata,3,"[21, 17, 27]"
matahari,3,"[25, 27, 25]"
mau,3,"[9, 6, 6]"
meeting,1,[18]
melakukan,2,"[22, 28]"
melalui,1,[27]
melepas,1,[28]
melepaskan,1,[27]
melewati,2,"[21, 27]"
melihat,2,"[36, 21]"
meliuk,1,[17]
melompat,1,[14]
memacu,2,"[9, 17]"
memahami,1,[26]
memamerkan,1,[20]
memandang,1,[27]
memanfaatkan,1,[29]
memanjakan,2,"[35, 23]"
membawa,1,[20]
membeli,1,[36]
memberi,1,[8]
membuat,4,"[25, 3, 34, 3]"
memiliki,8,"[29, 21, 24, 18, 16, 24, 28, 17]"
mempertahankan,1,[26]
memudahkan,1,[20]
menaiki,1,[14]
menantang,2,"[10, 10]"
menara,1,[15]
menarik,6,"[3, 4, 31, 30, 36, 2]"
menawarkan,7,"[23, 13, 33, 25, 34, 20, 35]"
mencicipi,1,[16]
mendapatkan,1,[25]
menegangkan,3,"[14, 14, 10]"
menenangkan,1,[8]
mengabadikan,1,[27]
mengenang,1,[26]
menggunakan,3,"[14, 10, 14]"
menghabiskan,4,"[15, 33, 25, 34]"
mengikuti,1,[18]
mengubah,1,[20]
mengunjungi,3,"[33, 1, 29]"
menikmati,5,"[31, 36, 7, 21, 20]"
menjadi,6,"[23, 12, 18, 33, 26, 15]"
menjadikan,1,[34]
menjajal,1,[11]
menjelang,1,[30]
menuju,2,"[27, 21]"
menurun,1,[27]
menyajikan,3,"[35, 36, 27]"
menyaksikan,1,[16]
menyebutnya,1,[2]
menyediakan,5,"[26, 32, 30, 32, 27]"
menyenangkan,3,"[28, 23, 27]"
menyimpan,1,[26]
menyuguhkan,1,[15]
merah,1,[7]
merapi,1,[27]
merasakan,1,[13]
merbabu,2,"[27, 24]"
mereka,1,[25]
merlion,1,[15]
merupakan,8,"[26, 17, 29, 29, 20, 22, 34, 32]"
meter,8,"[13, 23, 22, 17, 9, 12, 23, 11]"
milimeter,1,[14]
militer,1,[20]
minggu,3,"[17, 16, 3]"
miniatur,1,[15]
minuman,2,"[16, 36]"
moment,1,[27]
montor,1,[37]
monumen,1,[26]
mpdl,1,[34]
mudah,1,[9]
mulai,2,"[36, 23]"
munadi,1,[1]
muncar,1,[19]
muncul,4,"[30, 30, 30, 30]"
museum,9,"[26, 26, 20, 26, 20, 20, 20, 20, 20]"
music,1,[28]
mystica,3,"[8, 8, 8]"
naik,1,[6]
nama,1,[29]
namun,2,"[21, 29]"
nanti,1,[13]
ndeso,1,[16]
negara,1,[26]
negeri,1,[12]
ngecamp,1,[0]
nggak,1,[0]
ngipik,1,[16]
ngisor,1,[10]
nih,1,[0]
no,1,[32]
nuansa,2,"[27, 33]"
nya,1,[33]
nyaman,1,[33]
nyata,1,[5]
nyatnyono,2,"[1, 1]"
obat,1,[32]
objek,2,"[30, 26]"
oh,2,"[6, 11]"
olah,1,[31]
olahan,1,[36]
oleh,5,"[9, 9, 29, 24, 24]"
on,5,"[36, 7, 36, 36, 36]"
ondo,1,[14]
one,2,"[18, 4]"
orang,7,"[17, 23, 25, 13, 36, 14, 7]"
organik,2,"[32, 32]"
out,1,[28]
outbond,1,[18]
outbound,3,"[23, 24, 27]"
outdoor,3,"[34, 18, 28]"
p,2,"[32, 37]"
package,1,[18]
pada,8,"[21, 2, 33, 1, 22, 2, 29, 20]"
padusan,2,"[30, 30]"
pagi,2,"[25, 16]"
pahlawan,1,[26]
paintball,2,"[27, 24]"
pakaian,1,[26]
paket,2,"[20, 34]"
pala,1,[31]
palagan,2,"[26, 26]"
panggung,1,[21]
pangus,1,[16]
panjang,1,[22]
panorama,4,"[7, 30, 25, 6]"
para,4,"[26, 27, 30, 23]"
paralayang,1,[34]
park,3,"[6, 6, 13]"
pas,1,[33]
pasar,3,"[3, 16, 24]"
pasti,1,[10]
patimura,1,[35]
patung,4,"[22, 12, 22, 15]"
patut,1,[34]
pecinta,1,[25]
pedesaan,1,[35]
pegunungan,4,"[20, 27, 27, 25]"
pekan,3,"[33, 9, 34]"
pelangi,1,[9]
pemancingan,2,"[30, 28]"
pemandangan,9,"[35, 33, 34, 31, 0, 23, 25, 21, 31]"
pemandian,5,"[30, 30, 30, 30, 30]"
pemanfaatan,1,[16]
pembersihan,1,[17]
pembibitan,1,[30]
penanaman,1,[18]
penasaran,1,[14]
penat,1,[28]
pengaman,1,[14]
pengemasan,1,[18]
penggemar,2,"[36, 27]"
penginapan,3,"[4, 34, 33]"
pengolahan,3,"[18, 16, 36]"
pengunjung,15,"[22, 36, 36, 23, 15, 14, 28, 31, 14, 34, 36, 18, 35, 20, 35]"
pening,5,"[25, 25, 27, 25, 20]"
peninggalan,2,"[29, 1]"
penjagaan,1,[27]
penopang,1,[22]
penuh,1,[16]
penyiar,1,[1]
per,2,"[13, 36]"
perjalanan,1,[31]
perkebunan,5,"[0, 36, 27, 32, 31]"
perlu,1,[15]
permainan,6,"[24, 17, 10, 23, 28, 23]"
permen,2,"[36, 3]"
pernah,1,[2]
perosotan,3,"[17, 23, 9]"
persawahan,1,[21]
pertamakali,1,[20]
pertempuran,1,[26]
pertemuan,1,[24]
pesan,1,[5]
pesona,2,"[12, 12]"
pesonaindonedia,1,[3]
pesonaindonesia,1,[2]
peternakan,1,[36]
petik,3,"[7, 7, 0]"
petilasan,1,[2]
pewayangan,1,[37]
peziarah,2,"[1, 22]"
pikiran,1,[3]
pilihan,2,"[13, 15]"
pinggir,1,[26]
pjka,1,[28]
playground,1,[28]
pokdarwis,1,[16]
pon,1,[3]
populer,1,[25]
pos,1,[27]
prabu,2,"[2, 2]"
produk,1,[36]
proses,1,[36]
puasa,1,[30]
pukul,2,"[36, 17]"
pula,3,"[2, 35, 23]"
pun,1,[35]
puncak,1,[16]
punya,2,"[11, 12]"
pupuk,1,[32]
puri,2,"[0, 0]"
purworejo,3,"[13, 13, 13]"
pusat,5,"[25, 36, 20, 24, 9]"
putih,2,"[19, 19]"
putranya,1,[1]
rabu,1,[17]
raffles,1,[29]
raga,1,[31]
raja,2,"[2, 20]"
raksasa,2,"[6, 6]"
ramai,1,[1]
rame,2,"[5, 5]"
ranch,1,[34]
rapat,1,[35]
rasanya,1,[10]
ratus,1,[9]
rawa,5,"[25, 20, 27, 25, 25]"
raya,3,"[18, 26, 10]"
real,1,[34]
rebana,1,[16]
reco,3,"[14, 14, 14]"
recreation,1,[34]
referensi,1,[4]
reguler,1,[28]
rekreasi,2,"[36, 20]"
relaksasi,1,[3]
religi,2,"[1, 1]"
remaja,1,[17]
renang,8,"[34, 17, 18, 27, 17, 17, 5, 28]"
reog,1,[16]
reservasi,2,"[35, 16]"
resmi,1,[27]
resor,2,"[33, 35]"
resort,7,"[27, 28, 24, 27, 27, 18, 35]"
restaurant,2,"[36, 18]"
resto,4,"[27, 23, 4, 10]"
restoran,5,"[32, 33, 35, 27, 24]"
review,1,[36]
reviews,1,[36]
ribu,1,[13]
ribuan,1,[15]
ritual,2,"[30, 30]"
roda,1,[13]
rombongan,1,[9]
rong,2,"[27, 27]"
rosa,3,"[8, 8, 8]"
rowoboni,2,"[30, 2]"
rp,7,"[17, 28, 25, 28, 36, 28, 28]"
rt,2,"[16, 17]"
ruang,1,[35]
rukun,1,[16]
rumah,1,[11]
rupiah,1,[13]
rustam,1,[20]
rutin,1,[30]
rw,1,[17]
s,10,"[36, 27, 21, 33, 34, 32, 37, 22, 25, 23]"
saat,4,"[25, 2, 13, 8]"
sabtu,1,[17]
sadranan,1,[16]
saja,4,"[9, 3, 15, 17]"
saking,1,[6]
salatiga,2,"[30, 24]"
salib,2,"[22, 22]"
saling,1,[37]
salju,1,[11]
saloka,1,[13]
sambil,4,"[7, 14, 26, 20]"
sampai,2,"[30, 9]"
sana,1,[0]
sanctuary,1,[28]
sang,1,[2]
sangat,5,"[21, 33, 27, 24, 30]"
sanjaya,1,[29]
santoso,1,[16]
sapi,1,[16]
satu,2,"[20, 30]"
satunya,1,[20]
sawah,3,"[16, 30, 33]"
sayur,1,[32]
sayuran,3,"[32, 24, 32]"
sebagai,5,"[28, 24, 1, 30, 20]"
sebelah,1,[27]
sebligo,1,[3]
sebuah,3,"[27, 26, 35]"
secangkir,1,[18]
secara,1,[30]
segar,8,"[7, 32, 24, 21, 7, 13, 32, 5]"
segarnya,2,"[13, 5]"
sehabis,1,[13]
sehari,1,[27]
sehat,1,[32]
sehingga,6,"[37, 17, 27, 37, 17, 29]"
sejak,1,[22]
sejarah,2,"[26, 26]"
sejauh,1,[27]
sejuk,3,"[33, 12, 32]"
sejuknya,1,[27]
sejumlah,1,[15]
sekali,1,[30]
sekaligus,1,[7]
sekarang,1,[14]
sekitar,11,"[34, 33, 20, 2, 21, 31, 20, 31, 37, 6, 13]"
sekitarnya,1,[6]
selain,4,"[15, 34, 32, 35]"
selalu,2,"[17, 1]"
selama,1,[31]
selasa,1,[17]
selatan,1,[5]
selengkapnya,3,"[0, 33, 34]"
selesai,1,[5]
selfie,1,[4]
selo,1,[10]
seluas,1,[14]
seluncuran,1,[10]
semarang,28,"[8, 11, 1, 6, 12, 6, 36, 30, 34, 15, 5, 34, 10, 26, 14, 2, 36, 18, 2, 16, 20, 25, 0, 18, 3, 3, 3, 17]"
sembari,1,[8]
sembilan,2,"[29, 29]"
semilir,3,"[9, 9, 9]"
semirang,2,"[31, 31]"
semua,1,[29]
semuanya,1,[4]
sendiri,2,"[27, 32]"
seni,1,[33]
senin,1,[17]
senjata,1,[26]
sensasi,1,[14]
sepakung,2,"[14, 14]"
sepeda,3,"[27, 31, 28]"
seperti,10,"[24, 16, 5, 34, 28, 36, 28, 23, 10, 27]"
seratnya,1,[19]
serta,3,"[14, 16, 15]"
seru,7,"[10, 5, 10, 9, 28, 34, 10]"
seruan,1,[10]
serunya,1,[3]
serupa,1,[2]
service,1,[18]
sesuai,1,[26]
setebal,1,[14]
setelah,1,[10]
setiap,5,"[16, 3, 17, 36, 17]"
setinggi,1,[12]
sidomukti,6,"[34, 34, 34, 34, 34, 34]"
silahkan,3,"[24, 34, 35]"
silakan,1,[16]
sindoro,1,[27]
singa,1,[15]
singkong,1,[37]
sini,7,"[11, 6, 11, 27, 1, 13, 3]"
sisemut,1,[35]
sistem,1,[20]
siwarak,5,"[17, 17, 17, 17, 17]"
skiban,3,"[10, 10, 10]"
sky,1,[10]
sobat,3,"[11, 13, 10]"
sobatwisata,5,"[4, 7, 6, 0, 5]"
songo,5,"[4, 2, 15, 4, 29]"
sopeardjo,1,[20]
sore,1,[25]
souvenir,1,[24]
soyong,1,[16]
spa,2,"[35, 18]"
space,1,[18]
spesial,2,"[3, 3]"
spot,5,"[4, 7, 9, 11, 11]"
stamina,1,[29]
stasiun,1,[20]
stop,1,[18]
strategis,1,[9]
stroberi,4,"[0, 7, 7, 7]"
suasana,2,"[35, 31]"
suasanya,1,[12]
subroto,1,[32]
subulussalam,1,[1]
suka,4,"[6, 11, 6, 31]"
sumber,3,"[21, 32, 30]"
sumbing,1,[27]
sumowono,1,[21]
sumur,1,[21]
sungai,2,"[16, 30]"
sunrise,5,"[11, 11, 16, 11, 4]"
susu,3,"[16, 36, 3]"
swafoto,1,[11]
syekh,2,"[1, 1]"
tahun,3,"[30, 20, 22]"
tajam,1,[27]
tak,3,"[14, 17, 15]"
tali,1,[19]
taman,8,"[18, 13, 15, 15, 15, 15, 15, 6]"
tamanwisatakopeng,1,[24]
tampak,1,[27]
tanah,1,[15]
tanam,1,[16]
tanaman,1,[32]
tari,4,"[16, 16, 16, 16]"
tarik,1,[5]
tau,1,[6]
tebing,1,[19]
teknologi,1,[20]
telah,2,"[15, 26]"
telomoyo,1,[27]
telp,1,[16]
teman,1,[13]
tempat,12,"[4, 33, 34, 22, 27, 36, 28, 33, 4, 2, 30, 22]"
tempo,2,"[16, 3]"
tempur,1,[26]
tenang,1,[12]
tengah,5,"[26, 26, 10, 13, 20]"
tenggelam,1,[27]
tennis,1,[18]
tepatnya,2,"[15, 26]"
terbalik,1,[11]
terbaru,2,"[6, 1]"
terbenam,1,[25]
terbesar,1,[13]
terbit,2,"[25, 27]"
terbuat,1,[37]
tercinta,2,"[26, 10]"
terdapat,9,"[21, 32, 36, 22, 1, 23, 21, 32, 16]"
terjaga,1,[17]
terjangkau,3,"[28, 17, 13]"
terjun,9,"[19, 37, 31, 16, 13, 21, 13, 3, 21]"
terlepas,1,[12]
terletak,15,"[24, 34, 27, 36, 32, 29, 34, 30, 31, 35, 26, 22, 2, 20, 33]"
tersayang,1,[7]
tersebut,3,"[30, 30, 2]"
tersedia,2,"[27, 13]"
tersendiri,1,[8]
tersisa,1,[2]
tertentu,1,[29]
tetapi,1,[17]
the,8,"[23, 36, 23, 36, 36, 23, 36, 7]"
theme,1,[13]
tidak,5,"[2, 17, 14, 17, 15]"
tiga,1,[14]
tiket,5,"[28, 17, 28, 28, 28]"
tiketnya,1,[36]
tinggi,3,"[34, 22, 22]"
tingkatan,1,[21]
tirto,5,"[17, 17, 17, 17, 17]"
tlogo,3,"[27, 27, 27]"
tlogoresort,1,[27]
toko,2,"[33, 33]"
tokoh,2,"[1, 37]"
tol,1,[9]
top,3,"[10, 10, 10]"
topografi,1,[31]
total,1,[14]
tour,1,[3]
touring,1,[13]
tourism,2,"[18, 18]"
tracking,2,"[31, 31]"
tradisi,1,[16]
tradisional,3,"[37, 16, 27]"
training,1,[27]
transportasi,1,[20]
travel,1,[3]
travelgram,2,"[3, 2]"
tree,3,"[10, 10, 10]"
trip,1,[2]
tripadvisor,1,[36]
tropis,1,[27]
tubuh,1,[2]
tujuh,1,[21]
tumpah,1,[23]
tuntang,2,"[27, 8]"
udah,1,[4]
udara,3,"[32, 34, 7]"
udaranya,1,[33]
ujung,1,[5]
umat,2,"[12, 22]"
umbul,5,"[34, 34, 34, 34, 34]"
umbulsidomukti,1,[34]
ungaran,14,"[20, 31, 33, 17, 35, 17, 29, 1, 35, 31, 27, 21, 3, 23]"
unik,1,[27]
untuk,29,"[31, 15, 24, 35, 13, 1, 13, 25, 17, 29, 4, 6, 17, 27, 14, 2, 16, 23, 35, 33, 3, 21, 27, 36, 33, 34, 34, 21, 20]"
us,1,[24]
utama,4,"[27, 17, 20, 27]"
utara,1,[27]
valley,4,"[36, 36, 36, 36]"
view,2,"[27, 27]"
vila,2,"[33, 33]"
villa,2,"[33, 9]"
villajoglo,1,[33]
wafat,2,"[1, 22]"
wahana,11,"[17, 24, 5, 23, 9, 9, 34, 23, 14, 10, 28]"
waktu,1,[25]
warisan,1,[20]
warnai,1,[6]
waterpark,10,"[28, 24, 24, 24, 23, 28, 24, 5, 28, 28]"
watu,3,"[6, 6, 3]"
website,4,"[16, 18, 27, 33]"
websitenya,1,[24]
wib,1,[17]
willem,1,[20]
wisata,37,"[1, 13, 16, 1, 13, 3, 18, 3, 34, 13, 18, 6, 21, 3, 7, 34, 26, 26, 9, 16, 32, 16, 16, 5, 15, 16, 1, 4, 30, 17, 29, 36, 31, 30, 2, 31, 24]"
wisatareligi,1,[8]
wisatasemarang,5,"[6, 3, 5, 2, 4]"
wisatawan,2,"[30, 26]"
woro,2,"[5, 5]"
wuih,1,[6]
ya,4,"[11, 10, 7, 13]"
yaaa,1,[2]
yaitu,5,"[14, 37, 28, 16, 17]"
yakni,1,[29]
yang,90,"[1, 37, 2, 36, 26, 25, 21, 26, 29, 29, 29, 29, 16, 27, 16, 22, 17, 16, 16, 16, 27, 27, 30, 15, 30, 25, 30, 30, 17, 28, 21, 21, 21, 27, 27, 20, 27, 20, 29, 19, 19, 18, 22, 28, 28, 18, 28, 27, 19, 27, 23, 23, 14, 34, 35, 26, 35, 6, 35, 35, 35, 35, 5, 36, 24, 36, 26, 25, 3, 34, 9, 26, 31, 31, 32, 32, 13, 23, 12, 9, 32, 31, 11, 33, 33, 14, 14, 33, 34, 12]"
yesus,1,[22]
youghurt,1,[36]
yuk,3,"[3, 0, 6]"
ziarah,1,[22]
zipcoaster,1,[10]
zona,1,[17]
